,Count,Percentage,officer_cluster_officer_cluster,OFFICER_SUPERVISOR_SUPERVISOR_ID,OFFICER_ID_OFFICER_ID,OFFICER_ASSIGNMENT_OFF_DIST_ID
0,44601,0.29771909564845905,1,86124.0,11631,16
1,25637,0.17113124044616812,7,8662.0,OTHER,6
2,22664,0.15128597080282227,0,11610.0,107106,3
3,16309,0.10886528846731505,3,8949.0,50576,1
4,14276,0.09529467521977986,2,11756.0,102353,4
5,12472,0.08325267507292619,5,10251.0,OTHER,8
6,10714,0.07151773257948454,6,8695.0,OTHER,5
7,3136,0.020933321763044944,4,10402.0,OTHER,11
