,Unique_Values,Value_Counts
0,0.36363636363636365,17054
1,0.1818181818181818,15043
2,0.2727272727272727,14164
3,0.7272727272727273,13014
4,0.5454545454545454,12706
5,0.0,12517
6,0.6363636363636364,12388
7,0.4545454545454545,12198
8,0.8181818181818182,12191
9,0.09090909090909091,11931
10,0.9090909090909091,8564
11,0.9999999999999999,8039
