Unique Values,Count,Percentage
P,137396,0.9171411597434066
VP,8353,0.055757664759794136
V,4060,0.027101175496799256
