Unique Values,Count,Percentage
YES,129217,0.8625449739334753
NO,18711,0.12489903810852486
UNKNOWN,1881,0.012555987957999852
