Unique Values,Count,Percentage
MALE,132304,0.8831512125439727
FEMALE,17505,0.11684878745602734
