Unique Values,Count,Percentage
B(Black),91492,0.6107243223037334
W(White),35577,0.23748239424867665
H(Hispanic),20277,0.1353523486572903
A(Asian or Pacific Islander),1326,0.008851270617920152
UNKNOWN,593,0.0039583736624635366
M(Middle Eastern or East Indian),474,0.0031640288634194207
I(American Indian or Alaskan Native),70,0.00046726164649653893
