Unique Values,Count,Percentage
0,149744,0.9995661141853961
1,65,0.000433885814603929
