Unique Values,Count,Percentage
PROBABLE CAUSE,91102,0.6081210074161099
REASONABLE SUSPICION,52058,0.3474958113330975
CONSENT SEARCH,6649,0.04438318125079268
