Unique Values,Count,Percentage
0,133657,0.8921827126541129
1,16152,0.1078172873458871
