Unique Values,Count,Percentage
P,79403,0.5300282359537811
VP,47363,0.3161559051859368
V,23043,0.1538158588602821
