Unique Values,Count,Percentage
INVESTIGATIVE,86553,0.5777556755602133
OTHER (SPECIFY),25604,0.1709109599556769
RADIO CALL,21928,0.1463730483482301
MOTOR VEHICLE VIOLATION,14947,0.0997737118597681
CRIMINAL VIOLATION,613,0.004091876990033976
CITIZEN ASSIST,164,0.0010947272860776054
