Unique Values,Count,Percentage
1,145749,0.9728988245032008
0,4060,0.027101175496799256
