Unique Values,Count,Percentage
1,132304,0.8831512125439727
0,17505,0.11684878745602734
