Unique Values,Count,Percentage
1,105871,0.706706539660501
0,43938,0.29329346033949893
