Unique Values,Count,Percentage
2012,38571,0.2574678423859715
2011,34980,0.23349731992069903
2014,33844,0.22591433091469804
2013,32934,0.21983992951024303
2015,9480,0.06328057726838841
