Unique Values,Count,Percentage
F,137435,0.917401491232169
FO,5302,0.03539173213892356
SF,2939,0.019618313986476114
S,1737,0.011594763999492688
O,1562,0.01042660988325134
SFO,775,0.005173253943354538
SO,59,0.0003938348163327971
