Unique Values,Count,Percentage
0,137396,0.9171411597434066
1,12413,0.0828588402565934
