Unique Values,Count,Percentage
NO VEHICLE INVOLVED,103278,0.6893978332409936
DRIVER,26555,0.1772590431816513
PASSENGER,19976,0.13334312357735517
