Unique Values,Count,Percentage
NO VEHICLE INVOLVED,103670,0.6920144984613742
DRIVER,26323,0.1757104045818342
PASSENGER,19816,0.13227509695679165
