Unique Values,Count,Percentage
0,142111,0.9486145692181378
1,7698,0.05138543078186224
