Unique Values,Count,Percentage
1,146451,0.9775847913009231
0,3358,0.022415208699076823
