Unique Values,Count,Percentage
1,128832,0.8599750348777443
0,20977,0.14002496512225568
