Unique Values,Count,Percentage
0,144299,0.9632198332543439
1,5510,0.03678016674565614
