Unique Values,Count,Percentage
5,17054,0.11383828741931393
3,15043,0.10041452783210622
4,14164,0.0945470565853854
9,13014,0.0868706152500851
7,12706,0.08481466400550033
1,12517,0.08355305755995968
8,12388,0.08269196109713034
6,12198,0.08142367948521118
10,12191,0.08137695332056151
2,11931,0.0796414100621458
11,8564,0.05716612486566228
12,8039,0.053661662516938234
