Unique Values,Count,Percentage
Med,69267,0.4623687495410823
Light,39595,0.264303212757578
Dark,31278,0.20878585398741065
Brown,3760,0.025098625583242662
OTHER,2881,0.01923115433652184
Fair,2205,0.014718741864640976
White,663,0.004425635308960076
Ruddy,125,0.000834395797315248
Clear,35,0.00023363082324826947
