Unique Values,Count,Percentage
0,100278,0.6693723341054276
1,49531,0.33062766589457243
